,C,Test Accuracy,Test Loss,Train Loss,Train Accuracy,Total Rounds,Communication Cost
0,0.5,96.0999984741211,0.1256740869820118,0.13312755348285038,96.05500030517578,100,2616.8760797315244
