,C,Communication Cost,Test Accuracy,Test Loss,Total Rounds,Train Accuracy,Train Loss
0,0.1,600.7245745216479,89.20999908447266,0.4367450977563858,192,88.44000244140625,0.4573874326705933
