,C,Test Accuracy,Test Loss,Train Loss,Train Accuracy,Total Rounds,Communication Cost
0,0.7,95.3499984741211,0.1467709749162197,0.1585878244161606,95.28166961669922,70,1749.2494960655522
