,C,Test Accuracy,Test Loss,Train Loss,Train Accuracy,Total Rounds,Communication Cost
0,0.3,95.75,0.14742060959935188,0.15815892179807028,95.34666442871094,100,1558.6121265067707
