,C,Test Accuracy,Test Loss,Train Loss,Train Accuracy,Total Rounds,Communication Cost
0,0.9,97.25,0.08656529354900122,0.09260517853895824,97.18000030517578,100,4511.021705937435
