,C,Communication Cost,Test Accuracy,Test Loss,Total Rounds,Train Accuracy,Train Loss
0,0.1,441.4557892415378,90.63999938964844,0.38929032711982725,100,90.08333587646484,0.4089829245885213
