,C,Communication Cost,Test Accuracy,Test Loss,Total Rounds,Train Accuracy,Train Loss
0,0.1,448.92577247979096,90.04000091552734,0.3884928950548172,100,89.4383316040039,0.4088370406150818
