,C,Test Accuracy,Test Loss,Train Loss,Train Accuracy,Total Rounds,Communication Cost
0,0.7,97.0999984741211,0.09730377087444067,0.10124343448877335,96.93000030517578,100,3426.237960524541
