,C,Test Accuracy,Test Loss,Train Loss,Train Accuracy,Total Rounds,Communication Cost
0,0.5,95.02999877929688,0.1719866774559021,0.18410354358355205,94.66999816894531,115,1577.7919740599818
