,C,Test Accuracy,Test Loss,Train Loss,Train Accuracy,Total Rounds,Communication Cost
0,0.7,96.83000183105469,0.09909055535644293,0.10268347764809926,96.86833190917969,100,3495.581735071687
