,C,Test Accuracy,Test Loss,Train Loss,Train Accuracy,Total Rounds,Communication Cost
0,0.3,95.12000274658203,0.16362288621068,0.1763342490196228,94.81999969482422,100,1369.1132685831305
