,C,Test Accuracy,Test Loss,Train Loss,Train Accuracy,Total Rounds,Communication Cost
0,0.9,95.88999938964844,0.13315480494201185,0.13952554894685745,95.8183364868164,54,2176.7628043282384
