,C,Test Accuracy,Test Loss,Train Loss,Train Accuracy,Total Rounds,Communication Cost
0,0.3,93.76000213623047,0.21246687529683114,0.22626982764403025,93.37666320800781,268,1389.760421900851
