{"C": [0.2, 0.4, 0.6000000000000001, 0.8, 1.0], "Test Accuracy": [95.66999816894531, 97.01000213623047, 98.69000244140625, 98.94000244140625, 98.8499984741211], "Test Loss": [0.13526304002702236, 0.09573148627579212, 0.0396910891641397, 0.03748474733516341, 0.039429887455311834], "Train Loss": [0.14469318591554958, 0.09563060185611248, 0.036534153461720176, 0.032304318518352616, 0.03021735155599502], "Train Accuracy": [95.5250015258789, 96.88166809082031, 98.82499694824219, 99.00499725341797, 99.06500244140625]}