{"C": [0.2, 0.4, 0.6000000000000001, 0.8, 1.0], "Test Accuracy": [97.5, 98.45999908447266, 98.7699966430664, 98.8499984741211, 99.01000213623047], "Test Loss": [0.0792269605986774, 0.046997234787000346, 0.0411062894823146, 0.03654932123812614, 0.032588105011213335], "Train Loss": [0.08365361761935056, 0.045921164118809005, 0.03764511494164666, 0.02941203695734342, 0.024621526355286673], "Train Accuracy": [97.45833587646484, 98.59666442871094, 98.8133316040039, 99.1066665649414, 99.20833587646484]}