{"C": [0.2, 0.2, 0.2, 0.2, 0.2, 0.2, 0.2, 0.2, 0.2, 0.2, 0.2, 0.2, 0.2, 0.2, 0.2, 0.2, 0.2, 0.2, 0.2, 0.2, 0.2, 0.2, 0.2, 0.2, 0.2, 0.2, 0.2, 0.2, 0.2, 0.2, 0.2, 0.2, 0.2, 0.2, 0.2, 0.2, 0.2, 0.2, 0.2, 0.2, 0.2, 0.2, 0.2, 0.2, 0.2, 0.2, 0.2, 0.2, 0.2, 0.2, 0.4, 0.4, 0.4, 0.4, 0.4, 0.4, 0.4, 0.4, 0.4, 0.4, 0.4, 0.4, 0.4, 0.4, 0.4, 0.4, 0.4, 0.4, 0.4, 0.4, 0.4, 0.4, 0.4, 0.4, 0.4, 0.4, 0.4, 0.4, 0.4, 0.4, 0.4, 0.4, 0.4, 0.4, 0.4, 0.4, 0.4, 0.4, 0.4, 0.4, 0.4, 0.4, 0.4, 0.4, 0.4, 0.4, 0.4, 0.4, 0.4, 0.4, 0.6000000000000001, 0.6000000000000001, 0.6000000000000001, 0.6000000000000001, 0.6000000000000001, 0.6000000000000001, 0.6000000000000001, 0.6000000000000001, 0.6000000000000001, 0.6000000000000001, 0.6000000000000001, 0.6000000000000001, 0.6000000000000001, 0.6000000000000001, 0.6000000000000001, 0.6000000000000001, 0.6000000000000001, 0.6000000000000001, 0.6000000000000001, 0.6000000000000001, 0.6000000000000001, 0.6000000000000001, 0.6000000000000001, 0.6000000000000001, 0.6000000000000001, 0.6000000000000001, 0.6000000000000001, 0.6000000000000001, 0.6000000000000001, 0.6000000000000001, 0.6000000000000001, 0.6000000000000001, 0.6000000000000001, 0.6000000000000001, 0.6000000000000001, 0.6000000000000001, 0.6000000000000001, 0.6000000000000001, 0.6000000000000001, 0.6000000000000001, 0.6000000000000001, 0.6000000000000001, 0.6000000000000001, 0.6000000000000001, 0.6000000000000001, 0.6000000000000001, 0.6000000000000001, 0.6000000000000001, 0.6000000000000001, 0.6000000000000001, 0.8, 0.8, 0.8, 0.8, 0.8, 0.8, 0.8, 0.8, 0.8, 0.8, 0.8, 0.8, 0.8, 0.8, 0.8, 0.8, 0.8, 0.8, 0.8, 0.8, 0.8, 0.8, 0.8, 0.8, 0.8, 0.8, 0.8, 0.8, 0.8, 0.8, 0.8, 0.8, 0.8, 0.8, 0.8, 0.8, 0.8, 0.8, 0.8, 0.8, 0.8, 0.8, 0.8, 0.8, 0.8, 0.8, 0.8, 0.8, 0.8, 0.8, 1.0, 1.0, 1.0, 1.0, 1.0, 1.0, 1.0, 1.0, 1.0, 1.0, 1.0, 1.0, 1.0, 1.0, 1.0, 1.0, 1.0, 1.0, 1.0, 1.0, 1.0, 1.0, 1.0, 1.0, 1.0, 1.0, 1.0, 1.0, 1.0, 1.0, 1.0, 1.0, 1.0, 1.0, 1.0, 1.0, 1.0, 1.0, 1.0, 1.0, 1.0, 1.0, 1.0, 1.0, 1.0, 1.0, 1.0, 1.0, 1.0, 1.0], "Round": [0, 1, 2, 3, 4, 5, 6, 7, 8, 9, 10, 11, 12, 13, 14, 15, 16, 17, 18, 19, 20, 21, 22, 23, 24, 25, 26, 27, 28, 29, 30, 31, 32, 33, 34, 35, 36, 37, 38, 39, 40, 41, 42, 43, 44, 45, 46, 47, 48, 49, 0, 1, 2, 3, 4, 5, 6, 7, 8, 9, 10, 11, 12, 13, 14, 15, 16, 17, 18, 19, 20, 21, 22, 23, 24, 25, 26, 27, 28, 29, 30, 31, 32, 33, 34, 35, 36, 37, 38, 39, 40, 41, 42, 43, 44, 45, 46, 47, 48, 49, 0, 1, 2, 3, 4, 5, 6, 7, 8, 9, 10, 11, 12, 13, 14, 15, 16, 17, 18, 19, 20, 21, 22, 23, 24, 25, 26, 27, 28, 29, 30, 31, 32, 33, 34, 35, 36, 37, 38, 39, 40, 41, 42, 43, 44, 45, 46, 47, 48, 49, 0, 1, 2, 3, 4, 5, 6, 7, 8, 9, 10, 11, 12, 13, 14, 15, 16, 17, 18, 19, 20, 21, 22, 23, 24, 25, 26, 27, 28, 29, 30, 31, 32, 33, 34, 35, 36, 37, 38, 39, 40, 41, 42, 43, 44, 45, 46, 47, 48, 49, 0, 1, 2, 3, 4, 5, 6, 7, 8, 9, 10, 11, 12, 13, 14, 15, 16, 17, 18, 19, 20, 21, 22, 23, 24, 25, 26, 27, 28, 29, 30, 31, 32, 33, 34, 35, 36, 37, 38, 39, 40, 41, 42, 43, 44, 45, 46, 47, 48, 49], "Average Loss Train": [0.5492947727545325, 0.30926638900778053, 0.2971191604232008, 0.2189080503833311, 0.22537852873474615, 0.22363935319441156, 0.19814697051177296, 0.17388379968709522, 0.19569496710454634, 0.15384124637634417, 0.17382850499602237, 0.1432550726235776, 0.17798168038610046, 0.17365369654158364, 0.14458228708617002, 0.13188026629849545, 0.13226366094180655, 0.11450794232851487, 0.1273977851283919, 0.12993054525541298, 0.11400687707110609, 0.12106141276018681, 0.11210057803141524, 0.10952725810163273, 0.13930870074115675, 0.11990910137480318, 0.10482493634578974, 0.11066330577948442, 0.10013111992568427, 0.11113197386681442, 0.11074244598410816, 0.10529664460294677, 0.11151289647768932, 0.10857555996054284, 0.10633217744520218, 0.09324490449806705, 0.09272814394378148, 0.10398222712232245, 0.10196179471939033, 0.09884700811620831, 0.10287899901892139, 0.10608464056921837, 0.0954665367789638, 0.09845439894438694, 0.10346899692923683, 0.08933129122494943, 0.09283371519501149, 0.08992091682815512, 0.08264966396100484, 0.08352096778814803, 0.49602851332702347, 0.24949549468721818, 0.20991582879099924, 0.18942239544127576, 0.1642315995109302, 0.17574222480631566, 0.14778681845946412, 0.14808377263619285, 0.1433883908882569, 0.12039750236471614, 0.12474470876283428, 0.11741619267520846, 0.11868583563544707, 0.11143590262401097, 0.1110616780292661, 0.11473090647088977, 0.10337867033320722, 0.11133601893503504, 0.11261753439133874, 0.09388193444522754, 0.10695354176002292, 0.09441196528762905, 0.09732826595668885, 0.09874446150353738, 0.09920049912200517, 0.09893088504413171, 0.08984627934888935, 0.09540123884375126, 0.0927257719992314, 0.08821856095965634, 0.08474208115729237, 0.08889704601337306, 0.0858399240486295, 0.09162463730726281, 0.08160711169785935, 0.08018229478247177, 0.08411082473675063, 0.0902173728599308, 0.09226508709912407, 0.07800149569298347, 0.08362152682449131, 0.08091826612608409, 0.07864214693041284, 0.07962312972411874, 0.0773796227532936, 0.07990980558805741, 0.0799594326812256, 0.07540802751012485, 0.07689611842377196, 0.08016156995198795, 0.38309003830990895, 0.21519703104261093, 0.18400977876717156, 0.15507735639336812, 0.14080700497669332, 0.14210505003483517, 0.12779344360005152, 0.12196566237494494, 0.1196369339337388, 0.1191529762888577, 0.10724220780296641, 0.10695413447441891, 0.1022008286077705, 0.10013153959351914, 0.10513159178806471, 0.0981295887329188, 0.09486536875844545, 0.09983528973070202, 0.09082473615901551, 0.08677125360620108, 0.08844124504787218, 0.085930921491899, 0.07723218753735307, 0.08621436524070294, 0.08195914936891648, 0.08113036368714353, 0.08057453344656036, 0.08167018052844624, 0.07787029337499501, 0.0841931873946812, 0.08002792258451641, 0.08403773576612296, 0.07768430429426515, 0.08175003855080695, 0.07528247309703245, 0.08373626108327799, 0.07446693274036525, 0.07562415020708751, 0.07195832329580787, 0.0774910739541876, 0.0767859257341425, 0.0705278939708221, 0.0700712856438079, 0.06617958681984658, 0.06745954704230225, 0.07274128618438716, 0.07151007841243619, 0.06991541049191387, 0.07000007156787912, 0.07081659405347367, 0.31385460378516544, 0.19258737523802003, 0.16682486557748968, 0.14873162939436596, 0.14423336818173266, 0.13311978870091326, 0.12850078596350983, 0.12849478092561784, 0.11949064878533847, 0.11294049045301238, 0.11147895561385837, 0.11020109133521987, 0.1008829388807951, 0.10304393084660728, 0.09939271274248729, 0.09875471427465586, 0.09630470024136173, 0.09457542903246494, 0.09182162905299593, 0.0872473081262246, 0.08547259947858891, 0.0882380936796085, 0.08275263474787747, 0.08447902989028082, 0.08355223455454777, 0.082818117359495, 0.08195250930207573, 0.07870056778587399, 0.0780517235581398, 0.07644737538205507, 0.07656294800255918, 0.07723733915749015, 0.07515664051980929, 0.07489938685071537, 0.07522728367509417, 0.07859881166428292, 0.07132848478759801, 0.07377800098137978, 0.0698200343989516, 0.07255237176788346, 0.07347593684390363, 0.06997686764969871, 0.07185576093922755, 0.07084547695763313, 0.07214416669479314, 0.06880158292814244, 0.07028670143853825, 0.07070726901861554, 0.06973002821214773, 0.06882064051633377, 0.30064733832017493, 0.178943106917969, 0.15283859210190406, 0.13649347562038025, 0.12178545805381415, 0.11916502770010812, 0.11071487636870306, 0.10583215759062778, 0.10126524845572722, 0.09783589894585665, 0.09169322016929395, 0.09251648610652978, 0.09069967792597212, 0.09167833185624913, 0.08903098127388107, 0.0860439062757413, 0.08371494390215854, 0.08291849864873332, 0.08398507325752501, 0.08375372939854189, 0.07980026852284491, 0.077898060376469, 0.07931669207587816, 0.07936758971754472, 0.07665168611508044, 0.0774986934321929, 0.07585744707809303, 0.07626121338922622, 0.0733405549836957, 0.07409067727798133, 0.07372479994167974, 0.07384166491270053, 0.0700268510095308, 0.0715162160901183, 0.07079012213451277, 0.0692008608938207, 0.06799865212884176, 0.06918051583934813, 0.06793705091042891, 0.0654231428761175, 