{"C": [0.2, 0.2, 0.2, 0.2, 0.2, 0.2, 0.2, 0.2, 0.2, 0.2, 0.2, 0.2, 0.2, 0.2, 0.2, 0.2, 0.2, 0.2, 0.2, 0.2, 0.2, 0.2, 0.2, 0.2, 0.2, 0.2, 0.2, 0.2, 0.2, 0.2, 0.2, 0.2, 0.2, 0.2, 0.2, 0.2, 0.2, 0.2, 0.2, 0.2, 0.2, 0.2, 0.2, 0.2, 0.2, 0.2, 0.2, 0.2, 0.2, 0.2, 0.4, 0.4, 0.4, 0.4, 0.4, 0.4, 0.4, 0.4, 0.4, 0.4, 0.4, 0.4, 0.4, 0.4, 0.4, 0.4, 0.4, 0.4, 0.4, 0.4, 0.4, 0.4, 0.4, 0.4, 0.4, 0.4, 0.4, 0.4, 0.4, 0.4, 0.4, 0.4, 0.4, 0.4, 0.4, 0.4, 0.4, 0.4, 0.4, 0.4, 0.4, 0.4, 0.4, 0.4, 0.4, 0.4, 0.4, 0.4, 0.4, 0.4, 0.6000000000000001, 0.6000000000000001, 0.6000000000000001, 0.6000000000000001, 0.6000000000000001, 0.6000000000000001, 0.6000000000000001, 0.6000000000000001, 0.6000000000000001, 0.6000000000000001, 0.6000000000000001, 0.6000000000000001, 0.6000000000000001, 0.6000000000000001, 0.6000000000000001, 0.6000000000000001, 0.6000000000000001, 0.6000000000000001, 0.6000000000000001, 0.6000000000000001, 0.6000000000000001, 0.6000000000000001, 0.6000000000000001, 0.6000000000000001, 0.6000000000000001, 0.6000000000000001, 0.6000000000000001, 0.6000000000000001, 0.6000000000000001, 0.6000000000000001, 0.6000000000000001, 0.6000000000000001, 0.6000000000000001, 0.6000000000000001, 0.6000000000000001, 0.6000000000000001, 0.6000000000000001, 0.6000000000000001, 0.6000000000000001, 0.6000000000000001, 0.6000000000000001, 0.6000000000000001, 0.6000000000000001, 0.6000000000000001, 0.6000000000000001, 0.6000000000000001, 0.6000000000000001, 0.6000000000000001, 0.6000000000000001, 0.6000000000000001, 0.8, 0.8, 0.8, 0.8, 0.8, 0.8, 0.8, 0.8, 0.8, 0.8, 0.8, 0.8, 0.8, 0.8, 0.8, 0.8, 0.8, 0.8, 0.8, 0.8, 0.8, 0.8, 0.8, 0.8, 0.8, 0.8, 0.8, 0.8, 0.8, 0.8, 0.8, 0.8, 0.8, 0.8, 0.8, 0.8, 0.8, 0.8, 0.8, 0.8, 0.8, 0.8, 0.8, 0.8, 0.8, 0.8, 0.8, 0.8, 0.8, 0.8, 1.0, 1.0, 1.0, 1.0, 1.0, 1.0, 1.0, 1.0, 1.0, 1.0, 1.0, 1.0, 1.0, 1.0, 1.0, 1.0, 1.0, 1.0, 1.0, 1.0, 1.0, 1.0, 1.0, 1.0, 1.0, 1.0, 1.0, 1.0, 1.0, 1.0, 1.0, 1.0, 1.0, 1.0, 1.0, 1.0, 1.0, 1.0, 1.0, 1.0, 1.0, 1.0, 1.0, 1.0, 1.0, 1.0, 1.0, 1.0, 1.0, 1.0], "Round": [0, 1, 2, 3, 4, 5, 6, 7, 8, 9, 10, 11, 12, 13, 14, 15, 16, 17, 18, 19, 20, 21, 22, 23, 24, 25, 26, 27, 28, 29, 30, 31, 32, 33, 34, 35, 36, 37, 38, 39, 40, 41, 42, 43, 44, 45, 46, 47, 48, 49, 0, 1, 2, 3, 4, 5, 6, 7, 8, 9, 10, 11, 12, 13, 14, 15, 16, 17, 18, 19, 20, 21, 22, 23, 24, 25, 26, 27, 28, 29, 30, 31, 32, 33, 34, 35, 36, 37, 38, 39, 40, 41, 42, 43, 44, 45, 46, 47, 48, 49, 0, 1, 2, 3, 4, 5, 6, 7, 8, 9, 10, 11, 12, 13, 14, 15, 16, 17, 18, 19, 20, 21, 22, 23, 24, 25, 26, 27, 28, 29, 30, 31, 32, 33, 34, 35, 36, 37, 38, 39, 40, 41, 42, 43, 44, 45, 46, 47, 48, 49, 0, 1, 2, 3, 4, 5, 6, 7, 8, 9, 10, 11, 12, 13, 14, 15, 16, 17, 18, 19, 20, 21, 22, 23, 24, 25, 26, 27, 28, 29, 30, 31, 32, 33, 34, 35, 36, 37, 38, 39, 40, 41, 42, 43, 44, 45, 46, 47, 48, 49, 0, 1, 2, 3, 4, 5, 6, 7, 8, 9, 10, 11, 12, 13, 14, 15, 16, 17, 18, 19, 20, 21, 22, 23, 24, 25, 26, 27, 28, 29, 30, 31, 32, 33, 34, 35, 36, 37, 38, 39, 40, 41, 42, 43, 44, 45, 46, 47, 48, 49], "Average Loss Train": [0.56848226100879, 0.6652477267881236, 0.41639328615681737, 0.304772790306973, 0.22430191869778385, 0.20250494426583937, 0.14374958125876827, 0.2433688552953471, 0.20155252109925642, 0.22727617056181426, 0.15759585929210518, 0.14508838669151408, 0.15104136096358237, 0.13211248704032263, 0.16021415040462603, 0.14496082966461646, 0.1449255785968017, 0.1640401432065275, 0.20490127133114733, 0.11498595536516706, 0.12076903219869822, 0.1703467346702261, 0.13288808855326975, 0.1597235738846656, 0.09873843420471076, 0.13871760104795847, 0.12702711706324762, 0.13346818544463798, 0.12766053314092765, 0.10774500434189727, 0.1252346482560049, 0.13692383928604462, 0.12129626110773638, 0.16090011815267136, 0.10339506170634802, 0.22597647559596226, 0.1268475688159994, 0.0945346427522685, 0.15593715274694356, 0.1296081961913901, 0.11410055435018847, 0.1414171819632242, 0.13528063647169578, 0.10763886030557236, 0.1193498490758893, 0.1268836526535799, 0.10241478114236491, 0.09969847349824189, 0.12950784762506928, 0.11636762115879, 0.3470141887163158, 0.1925605933795328, 0.3479868103082602, 0.2072986739751536, 0.1151494606397326, 0.15295752293443146, 0.14059293628561204, 0.13423768713803497, 0.10401869233676568, 0.13142934265632764, 0.16731173602097746, 0.12023475705492889, 0.12369718575020568, 0.11002893098253655, 0.10964974643805936, 0.10793824973552452, 0.10765596921745094, 0.09694457146371908, 0.10889788496180093, 0.10376164298632169, 0.12149692201738806, 0.12229162595695205, 0.10403569522724564, 0.11770994424782627, 0.10339968424853943, 0.11348918683851783, 0.16237033171853302, 0.14583153413268632, 0.09516987675189284, 0.10196768747238036, 0.10016792159445125, 0.09715443459808451, 0.09354135021023761, 0.0811682846635234, 0.08451236832201119, 0.0932402186128386, 0.08475703313557537, 0.12429819520292769, 0.08149732940133697, 0.07977520312821204, 0.10649613355543867, 0.058382846733616885, 0.0938960178693224, 0.11851946359529393, 0.08001774006009257, 0.09508582044290884, 0.08246582209667376, 0.09074109537609017, 0.020635101173488882, 0.0907746490309584, 0.2030890866245803, 0.18900789465481072, 0.16882489208178844, 0.13533314601589583, 0.1379798915966064, 0.1464494121705517, 0.10906291644148217, 0.11390935508603985, 0.09275949608128636, 0.13680777192224924, 0.1440577495012662, 0.1063299302010342, 0.08706067502069648, 0.11375755133341271, 0.08135451314884208, 0.11375419455517319, 0.09964163813371028, 0.10123530521110012, 0.07219089244025463, 0.07740279531641589, 0.10635134132381394, 0.10181001810327833, 0.10010772122643023, 0.09459549032212838, 0.09819580748641028, 0.09144122782779376, 0.0909482645399441, 0.08087358417543908, 0.08630964882095402, 0.0807900622584523, 0.12407812695485518, 0.08587024185412906, 0.066469871558426, 0.0719403507241246, 0.0829318821538193, 0.07818963071754942, 0.09897852372130123, 0.08436796042429157, 0.07959010766343674, 0.0738905921071847, 0.03331055442503442, 0.08417062989826338, 0.06739719244657079, 0.08400209613473536, 0.05107342849497172, 0.07092073219731321, 0.06630861485996724, 0.07613699744069138, 0.07256477326014033, 0.07726436312472053, 0.1910729507126962, 0.20627094277641797, 0.14395956473858254, 0.14009159849165975, 0.12628361795944243, 0.10427841079615834, 0.1257738975640479, 0.07158467821447023, 0.10956105809129135, 0.13497678715855577, 0.09587658261541919, 0.1290991969370301, 0.09801419458791368, 0.09528845492062143, 0.09829712216797999, 0.099161321656098, 0.08723184771342044, 0.09677071502838759, 0.08905459201831417, 0.0869402416542075, 0.08887388615173121, 0.09338554668304723, 0.09106278706742356, 0.08895455120035599, 0.0732566001935345, 0.07947128463827528, 0.0782295956423386, 0.08352071629488321, 0.06118746335696024, 0.07928579610333786, 0.07539207495391513, 0.0705651504438557, 0.08261010303284012, 0.07459042149441153, 0.07683138527703692, 0.08069029997081469, 0.07178396275435368, 0.07925253932191154, 0.04719405672603634, 0.07617853431738403, 0.0584511955314711, 0.084889818605193, 0.0669423237919663, 0.07852997212085915, 0.06336117574222982, 0.06700210528352966, 0.08050571853420692, 0.06438580908914843, 0.05336496102635315, 0.06141977403868791, 0.18213638311652333, 0.1613007473171487, 0.1394800836513288, 0.16216597497570093, 0.11203943353513586, 0.10888899796802769, 0.12310580240472234, 0.11519918230898232, 0.11701915148384173, 0.121463829837868, 0.10217299459654178, 0.12172589703699487, 0.09122624185140224, 0.0964975463067336, 0.04453693192706154, 0.10260114397804501, 0.09012545125701502, 0.08927574241607189, 0.07610595844357032, 0.08124766721382613, 0.07883152883468093, 0.08511673476347655, 0.08642306553250545, 0.07990703855960966, 0.07260523258864034, 0.08644517277255664, 0.0737372435762177, 0.08217673546806767, 0.06235624823003036, 0.07770901450454303, 0.07647880955027406, 0.07356423455451226, 0.05158657025026089, 0.07015748490768588, 0.0766206014983701, 0.06814157626608541, 0.0831337987585549, 0.07525061048340413, 0.0863524121284489, 0.06458329450099208, 0.0697326863533811, 