,C,Test Accuracy,Test Loss,Train Loss,Train Accuracy,Total Rounds,Communication Cost
0,0.1,23.65999984741211,2.063995224189758,2.0698468646240236,23.167999267578125,100,259.44436977346294
