,C,Test Accuracy,Test Loss,Train Loss,Train Accuracy,Total Rounds,Communication Cost
0,0.1,25.65999984741211,2.0474068273544312,2.0548353121948244,25.513999938964844,128,295.68756917488014
