,C,Test Accuracy,Test Loss,Train Loss,Train Accuracy,Total Rounds,Communication Cost
0,0.1,25.229999542236328,2.043505304145813,2.0487006008911135,24.534000396728516,60,315.53309468433207
