,C,Test Accuracy,Test Loss,Train Loss,Train Accuracy,Total Rounds,Communication Cost
0,0.1,20.639999389648438,2.084315550804138,2.090423033752441,20.663999557495117,100,2453.904863859427
