,C,Test Accuracy,Test Loss,Train Loss,Train Accuracy,Total Rounds,Communication Cost
0,0.1,89.20999908447266,0.4371930287361145,0.45772801548639935,88.41500091552734,192,600.7245745216479
