,C,Test Accuracy,Test Loss,Train Loss,Train Accuracy,Total Rounds,Communication Cost
0,0.1,89.98999786376953,0.3885078790187836,0.4089441181182861,89.39666748046875,100,448.92577247979096
