{"C": [0.6, 0.6, 0.6, 0.6, 0.6, 0.6, 0.6, 0.6, 0.6, 0.6, 0.6, 0.6, 0.6, 0.6, 0.6, 0.6, 0.6, 0.6, 0.6, 0.6, 0.6, 0.6, 0.6, 0.6, 0.6, 0.6, 0.6, 0.6, 0.6, 0.6, 0.6, 0.6, 0.6, 0.6, 0.6, 0.6, 0.6, 0.6, 0.6, 0.6, 0.6, 0.6, 0.6, 0.6, 0.6, 0.6, 0.6, 0.6, 0.6, 0.6], "Round": [0, 1, 2, 3, 4, 5, 6, 7, 8, 9, 10, 11, 12, 13, 14, 15, 16, 17, 18, 19, 20, 21, 22, 23, 24, 25, 26, 27, 28, 29, 30, 31, 32, 33, 34, 35, 36, 37, 38, 39, 40, 41, 42, 43, 44, 45, 46, 47, 48, 49], "Average Loss Train": [0.9219629852018631, 0.5457905217201837, 0.5382666357402263, 0.4751206356679052, 0.4832244911172273, 0.4340245755775948, 0.41949862684537803, 0.4127758203074016, 0.3899592736297831, 0.40327443443508243, 0.37275837470927886, 0.3923935179094513, 0.37255051094982394, 0.3418798781876816, 0.32984662485187827, 0.3164637964924264, 0.28615560327513767, 0.3039747992066459, 0.29296958527639655, 0.26797743368091254, 0.2739332356799428, 0.25907175467081933, 0.27768065678362963, 0.24901611095821038, 0.2400418167747387, 0.2460244943837094, 0.2178031362136135, 0.21616681795619314, 0.2178802211795389, 0.19832723281131842, 0.2006804449724071, 0.19777622042473225, 0.18438703875802964, 0.17184905242434947, 0.16763445339029867, 0.1698803341508697, 0.16274157117042265, 0.15324376547452684, 0.16047654678872958, 0.15186434999444037, 0.14297985640861394, 0.14636979066431594, 0.15123125060269485, 0.13961136281454223, 0.14112480136245867, 0.13437322688622155, 0.13249331166102987, 0.1448023463473282, 0.1372217520274715, 0.13702313193173452], "Average Loss Test": [2.3063240966796874, 2.1521281127929686, 1.8353365783691407, 1.7816387329101562, 1.6708114624023438, 1.641761962890625, 1.5783421630859376, 1.5769064025878907, 1.5396323852539062, 1.5665599060058595, 1.527659637451172, 1.45129052734375, 1.5666648864746093, 1.4516679382324218, 1.4837912902832031, 1.4291744079589843, 1.3919893798828125, 1.3583225708007813, 1.4365558471679687, 1.396304412841797, 1.4298905334472656, 1.3721874694824219, 1.3257438354492188, 1.3684624938964844, 1.305027862548828, 1.4454105224609375, 1.4335926208496095, 1.4366778259277344, 1.3614955139160156, 1.456412628173828, 1.3570844116210938, 1.3038597717285156, 1.3720833740234375, 1.405019805908203, 1.3987005615234376, 1.4098414611816406, 1.360442138671875, 1.2705464477539063, 1.3217222595214844, 1.2784076232910155, 1.3283844299316405, 1.3951880798339844, 1.5072133178710938, 1.3245957336425782, 1.3471439208984375, 1.4238399047851562, 1.3807155151367188, 1.3901010437011718, 1.3341956787109375, 1.3371406555175782], "Accuracy Test": [9.199999809265137, 23.799999237060547, 28.600000381469727, 28.0, 37.20000076293945, 37.0, 44.0, 43.0, 43.20000076293945, 41.79999923706055, 45.400001525878906, 49.20000076293945, 45.20000076293945, 47.79999923706055, 45.0, 50.400001525878906, 50.0, 50.599998474121094, 49.20000076293945, 50.0, 47.400001525878906, 50.0, 51.79999923706055, 50.400001525878906, 51.20000076293945, 50.79999923706055, 50.0, 51.400001525878906, 50.599998474121094, 50.20000076293945, 52.599998474121094, 53.599998474121094, 52.79999923706055, 50.0, 54.79999923706055, 49.400001525878906, 53.599998474121094, 53.599998474121094, 55.400001525878906, 54.20000076293945, 54.599998474121094, 54.0, 51.400001525878906, 53.79999923706055, 53.20000076293945, 51.0, 53.400001525878906, 53.79999923706055, 55.599998474121094, 56.599998474121094], "Workers Number": [60.0, 60.0, 60.0, 60.0, 60.0, 60.0, 60.0, 60.0, 60.0, 60.0, 60.0, 60.0, 60.0, 60.0, 60.0, 60.0, 60.0, 60.0, 60.0, 60.0, 60.0, 60.0, 60.0, 60.0, 60.0, 60.0, 60.0, 60.0, 60.0, 60.0, 60.0, 60.0, 60.0, 60.0, 60.0, 60.0, 60.0, 60.0, 60.0, 60.0, 60.0, 60.0, 60.0, 60.0, 60.0, 60.0, 60.0, 60.0, 60.0, 60.0]}