{"C": [0.6, 0.6, 0.6, 0.6, 0.6, 0.6, 0.6, 0.6, 0.6, 0.6, 0.6, 0.6, 0.6, 0.6, 0.6, 0.6, 0.6, 0.6, 0.6, 0.6, 0.6, 0.6, 0.6, 0.6, 0.6, 0.6, 0.6, 0.6, 0.6, 0.6, 0.6, 0.6, 0.6, 0.6, 0.6, 0.6, 0.6, 0.6, 0.6, 0.6, 0.6, 0.6, 0.6, 0.6, 0.6, 0.6, 0.6, 0.6, 0.6, 0.6], "Round": [0, 1, 2, 3, 4, 5, 6, 7, 8, 9, 10, 11, 12, 13, 14, 15, 16, 17, 18, 19, 20, 21, 22, 23, 24, 25, 26, 27, 28, 29, 30, 31, 32, 33, 34, 35, 36, 37, 38, 39, 40, 41, 42, 43, 44, 45, 46, 47, 48, 49], "Average Loss Train": [1.9611403313477833, 0.8013259395227342, 0.566806175046674, 0.5238847133105898, 0.5069113611472172, 0.536482489577667, 0.500781521725158, 0.5283395785094341, 0.4636116592442643, 0.4635329232804871, 0.4524722084502379, 0.48612461140751834, 0.38908653062839127, 0.41173063014517536, 0.3829512577199817, 0.3463089421992632, 0.37804987573697524, 0.4137014958839863, 0.39412439520346615, 0.31028669950558113, 0.35204196791310477, 0.4483453961014748, 0.2913367091372509, 0.2913838926124258, 0.2821919292502463, 0.2345495968936011, 0.24948413332800307, 0.2906582212202181, 0.2631654542989729, 0.2597067266069352, 0.10166947324620561, 0.20871829719568954, 0.2946477092821151, 0.2509068112518039, 0.21517415728372227, 0.24520119640512464, 0.2514014041757095, 0.2896646132855418, 0.1919849148336183, 0.19602610731223186, 0.20821358009974938, 0.20719015658280113, 0.16061296157308189, 0.20728171701348455, 0.14478012435976417, 0.16379327702227026, 0.1610341433693333, 0.16834376896703426, 0.13032451987583188, 0.1334550490556285], "Average Loss Test": [2.305658447265625, 2.3496804809570313, 2.0888416748046876, 1.8836248474121093, 1.692808563232422, 1.751220001220703, 1.6099339599609375, 1.9740791015625, 1.6941556091308594, 1.5307252197265624, 1.5195143432617189, 1.6817070922851562, 4.091524597167969, 1.4807447814941406, 2.12721142578125, 1.4750523071289063, 1.4808618469238282, 1.4710930786132812, 1.786248992919922, 1.638393524169922, 1.4639485778808594, 1.3852860717773436, 3.9508357543945314, 1.4120989685058594, 1.5045415649414062, 1.3659284057617187, 2.38720751953125, 1.3453782958984375, 1.413307373046875, 1.447966827392578, 1.5918959045410157, 3.6735751953125, 1.4356240539550782, 1.9433686218261719, 1.6382770385742187, 1.3798549194335938, 1.479668701171875, 1.8555006713867188, 1.8866475219726562, 1.3603781433105469, 1.5778672485351561, 1.8758609619140625, 1.6461865234375, 1.4141500549316406, 1.5118326416015626, 3.504614807128906, 1.440782440185547, 1.4219078674316405, 1.4735181884765625, 1.6273002319335939], "Accuracy Test": [10.0, 10.0, 22.0, 29.200000762939453, 37.0, 31.600000381469727, 38.79999923706055, 35.400001525878906, 38.400001525878906, 44.79999923706055, 42.599998474121094, 43.20000076293945, 18.399999618530273, 47.0, 33.599998474121094, 47.0, 48.0, 49.599998474121094, 38.0, 45.20000076293945, 49.599998474121094, 52.400001525878906, 19.600000381469727, 50.20000076293945, 46.20000076293945, 52.0, 34.79999923706055, 51.0, 52.0, 50.599998474121094, 49.0, 27.200000762939453, 50.400001525878906, 39.20000076293945, 47.400001525878906, 51.400001525878906, 51.599998474121094, 45.20000076293945, 45.20000076293945, 54.0, 51.20000076293945, 47.0, 49.400001525878906, 53.20000076293945, 51.79999923706055, 27.0, 52.79999923706055, 52.79999923706055, 53.0, 50.599998474121094], "Workers Number": [3, 55, 60, 58, 56, 54, 3, 9, 56, 33, 6, 1, 59, 4, 36, 54, 29, 4, 6, 58, 30, 1, 60, 45, 43, 2, 52, 39, 21, 5, 1, 59, 2, 14, 60, 12, 5, 9, 60, 9, 5, 8, 60, 14, 2, 60, 44, 12, 5, 1]}