{"C": [0.6], "Test Accuracy": [29.5], "Test Loss": [3.8182407623291015], "Train Loss": [3.5772665234375], "Train Accuracy": [30.805999755859375]}