{"C": [0.2, 0.2, 0.2, 0.2, 0.2, 0.2, 0.2, 0.2, 0.2, 0.2, 0.2, 0.2, 0.2, 0.2, 0.2, 0.2, 0.2, 0.2, 0.2, 0.2, 0.2, 0.2, 0.2, 0.2, 0.2, 0.2, 0.2, 0.2, 0.2, 0.2, 0.2, 0.2, 0.2, 0.2, 0.2, 0.2, 0.2, 0.2, 0.2, 0.2, 0.2, 0.2, 0.2, 0.2, 0.2, 0.2, 0.2, 0.2, 0.2, 0.2, 0.4, 0.4, 0.4, 0.4, 0.4, 0.4, 0.4, 0.4, 0.4, 0.4, 0.4, 0.4, 0.4, 0.4, 0.4, 0.4, 0.4, 0.4, 0.4, 0.4, 0.4, 0.4, 0.4, 0.4, 0.4, 0.4, 0.4, 0.4, 0.4, 0.4, 0.4, 0.4, 0.4, 0.4, 0.4, 0.4, 0.4, 0.4, 0.4, 0.4, 0.4, 0.4, 0.4, 0.4, 0.4, 0.4, 0.4, 0.4, 0.4, 0.4], "Round": [0, 1, 2, 3, 4, 5, 6, 7, 8, 9, 10, 11, 12, 13, 14, 15, 16, 17, 18, 19, 20, 21, 22, 23, 24, 25, 26, 27, 28, 29, 30, 31, 32, 33, 34, 35, 36, 37, 38, 39, 40, 41, 42, 43, 44, 45, 46, 47, 48, 49, 0, 1, 2, 3, 4, 5, 6, 7, 8, 9, 10, 11, 12, 13, 14, 15, 16, 17, 18, 19, 20, 21, 22, 23, 24, 25, 26, 27, 28, 29, 30, 31, 32, 33, 34, 35, 36, 37, 38, 39, 40, 41, 42, 43, 44, 45, 46, 47, 48, 49], "Average Loss Train": [2.1144870370626454, 1.111162240089739, 0.9179951493740082, 0.7085239875145724, 0.6760394604378638, 0.6143078800638516, 0.4860113317935203, 0.509556357479592, 0.6916434487104416, 0.5318324128202395, 0.49959625227793175, 0.5273920507724864, 0.41914030258680574, 0.48298654650136597, 0.4965016646079732, 0.4884661941966042, 0.44525495127961034, 0.39489592407241, 0.4930225309776764, 0.4471685231849551, 0.19388948145508766, 0.4876634740452282, 0.5467759404003154, 0.3715046623327537, 0.42097004306448066, 0.48712512525608764, 0.4107038495221757, 0.398454376650699, 0.2732148711532354, 0.4082170054119663, 0.4015913505561005, 0.3607773575880856, 0.33133450864283365, 0.3813095005297005, 0.3482110855148349, 0.4190538055083404, 0.4000435184700648, 0.3912828418372694, 0.35327190619096577, 0.36622505972906944, 0.3824153297888115, 0.30833287203562937, 0.3438167823553085, 0.33801922866345074, 0.3286385078060819, 0.3564087267508485, 0.30931266399178037, 0.3252256817568559, 0.2736591080315656, 0.3246812737233949, 2.052572000741959, 0.9111171291858862, 0.6226553934420148, 0.47061157406907583, 0.5387131024910862, 0.48109105948193204, 0.5424482427818701, 0.5180291183367373, 0.474367724700831, 0.4262076948983784, 0.43319160884931207, 0.6489300961494446, 0.3935136392745771, 0.3842227359181916, 0.3874817401708182, 0.5387851446159184, 0.48201035478040577, 0.34299071180759805, 0.38317244330669437, 0.33107300844208803, 0.3233586345187551, 0.31561472918816524, 0.3399313038576244, 0.34656314110352343, 0.5062653877635797, 0.3217827579624443, 0.3298749150468913, 0.3271241818868809, 0.5008362800478935, 0.2654185198699178, 0.28042966480622994, 0.29832860884970674, 0.2646713176996228, 0.28228224801970636, 0.2481388687443533, 0.26597287687045806, 0.2693824230410391, 0.2507525956692273, 0.22319206881249115, 0.24253395910952819, 0.22446031904564348, 0.23336960552043565, 0.3150418536961078, 0.21531414133656313, 0.23869652988871254, 0.24336816017109664, 0.1940449107860612, 0.18903018263074567, 0.19924302067414437, 0.2244328139519237], "Average Loss Test": [2.301551513671875, 2.3269801025390624, 2.3649566650390623, 4.37251318359375, 2.4169846801757813, 2.2018514404296874, 4.36994921875, 2.0700693359375, 2.0989385681152344, 5.077354370117187, 2.0374079895019532, 1.779550537109375, 2.2966433715820314, 1.9393438415527344, 1.8140147094726562, 1.771384765625, 2.334125671386719, 1.9261665954589844, 1.6418138427734374, 1.9264041442871094, 1.9257530822753905, 4.777107543945313, 1.680440704345703, 1.8689281311035155, 1.8094263000488282, 1.927815460205078, 2.2561586303710937, 1.719890380859375, 1.8146251220703125, 4.437503295898438, 1.8567879943847656, 1.6158038024902344, 1.7939371337890626, 2.072604949951172, 1.7258596801757813, 1.6681508178710938, 2.1297453308105467, 1.8472730102539063, 1.5495048828125, 1.63802099609375, 2.0593107604980467, 1.683175567626953, 1.6249244384765624, 1.6674994812011719, 1.6724495239257813, 1.4193547668457032, 1.476154754638672, 1.4852198486328125, 1.9900886840820313, 1.4094738159179687, 2.303626220703125, 2.353627502441406, 2.3580601196289064, 2.0985630493164065, 2.008722839355469, 1.81364794921875, 2.1315999145507813, 2.351455261230469, 4.619442260742187, 1.62132470703125, 1.6568152770996094, 1.5236774597167968, 4.2542854614257815, 1.5897146606445312, 1.5149484558105468, 1.4872451782226563, 1.8097727966308594, 1.544265899658203, 1.3364334411621093, 2.1502505493164064, 1.4653152160644531, 1.3331227416992188, 1.4765666809082032, 1.3859898986816406, 1.3841510009765625, 2.2066117553710938, 1.3343187561035157, 1.4244425354003907, 1.3677032470703125, 3.8786358642578125, 1.4530234680175782, 1.2969403076171875, 1.7536421813964844, 1.215285858154297, 1.3188858032226562, 1.272503692626953, 1.2616096496582032, 1.9893968811035156, 1.2733940124511718, 1.3238433227539061, 1.2457264099121095, 1.3422388000488281, 1.2315160369873046, 2.9979705200195315, 1.3799866638183593, 1.390383026123047, 1.1903789978027344, 1.2757071685791015, 1.3691852111816407, 1.2057298583984375], "Accuracy Test": [11.600000381469727, 11.399999618530273, 17.0, 11.399999618530273, 18.399999618530273, 22.0, 15.600000381469727, 25.399999618530273, 25.399999618530273, 15.199999809265137, 22.799999237060547, 33.599998474121094, 21.200000762939453, 30.600000381469727, 32.20000076293945, 37.400001525878906, 30.399999618530273, 31.200000762939453, 41.79999923706055, 30.799999237060547, 31.799999237060547, 19.0, 40.79999923706055, 38.400001525878906, 35.0, 31.799999237060547, 26.0, 37.20000076293945, 39.20000076293945, 20.0, 38.79999923706055, 42.20000076293945, 38.599998474121094, 33.400001525878906, 42.400001525878906, 39.79999923706055, 33.599998474121094, 34.79999923706055, 45.79999923706055, 44.400001525878906, 35.20000076293945, 37.79999923706055, 41.20000076293945, 39.599998474121094, 43.0, 47.0, 49.20000076293945, 47.599998474121094, 35.400001525878906, 50.20000076293945, 12.0, 8.600000381469727, 17.799999237060547, 21.799999237060547, 23.200000762939453, 31.0, 28.200000762939453, 25.399999618530273, 21.0, 37.400001525878906, 39.0, 42.400001525878906, 19.799999237060547, 43.0, 42.20000076293945, 45.20000076293945, 38.400001525878906, 44.599998474121094, 51.0, 30.200000762939453, 46.0, 52.20000076293945, 44.400001525878906, 49.20000076293945, 49.0, 33.20000076293945, 51.0, 48.79999923706055, 52.20000076293945, 20.799999237060547, 50.0, 53.599998474121094, 42.20000076293945, 55.599998474121094, 55.400001525878906, 57.400001525878906, 55.79999923706055, 43.20000076293945, 56.400001525878906, 55.400001525878906, 54.0, 55.599998474121094, 55.20000076293945, 31.799999237060547, 51.400001525878906, 53.20000076293945, 58.599998474121094, 53.20000076293945, 52.400001525878906, 59.400001525878906], "Workers Number": [4, 17, 2, 20, 18, 3, 20, 15, 1, 20, 17, 20, 20, 20, 18, 6, 17, 20, 15, 14, 1, 20, 8, 20, 20, 20, 20, 11, 1, 20, 13, 20, 20, 19, 16, 6, 10, 20, 18, 8, 10, 20, 15, 6, 20, 19, 18, 6, 19, 19, 4, 33, 15, 40, 34, 9, 10, 1, 35, 37, 31, 1, 40, 36, 24, 4, 5, 38, 3, 35, 39, 30, 37, 18, 3, 34, 34, 22, 1, 40, 33, 6, 33, 35, 36, 23, 4, 39, 39, 35, 17, 14, 1, 40, 29, 20, 40, 40, 40, 34]}