{"C": [0.2, 0.2, 0.2, 0.2, 0.2, 0.2, 0.2, 0.2, 0.2, 0.2, 0.2, 0.2, 0.2, 0.2, 0.2, 0.2, 0.2, 0.2, 0.2, 0.2, 0.2, 0.2, 0.2, 0.2, 0.2, 0.2, 0.2, 0.2, 0.2, 0.2, 0.2, 0.2, 0.2, 0.2, 0.2, 0.2, 0.2, 0.2, 0.2, 0.2, 0.2, 0.2, 0.2, 0.2, 0.2, 0.2, 0.2, 0.2, 0.2, 0.2, 0.4, 0.4, 0.4, 0.4, 0.4, 0.4, 0.4, 0.4, 0.4, 0.4, 0.4, 0.4, 0.4, 0.4, 0.4, 0.4, 0.4, 0.4, 0.4, 0.4, 0.4, 0.4, 0.4, 0.4, 0.4, 0.4, 0.4, 0.4, 0.4, 0.4, 0.4, 0.4, 0.4, 0.4, 0.4, 0.4, 0.4, 0.4, 0.4, 0.4, 0.4, 0.4, 0.4, 0.4, 0.4, 0.4, 0.4, 0.4, 0.4, 0.4], "Round": [0, 1, 2, 3, 4, 5, 6, 7, 8, 9, 10, 11, 12, 13, 14, 15, 16, 17, 18, 19, 20, 21, 22, 23, 24, 25, 26, 27, 28, 29, 30, 31, 32, 33, 34, 35, 36, 37, 38, 39, 40, 41, 42, 43, 44, 45, 46, 47, 48, 49, 0, 1, 2, 3, 4, 5, 6, 7, 8, 9, 10, 11, 12, 13, 14, 15, 16, 17, 18, 19, 20, 21, 22, 23, 24, 25, 26, 27, 28, 29, 30, 31, 32, 33, 34, 35, 36, 37, 38, 39, 40, 41, 42, 43, 44, 45, 46, 47, 48, 49], "Average Loss Train": [1.04034018848415, 0.7208756925819907, 0.6904014666687, 0.5224432978360215, 0.5420163712735986, 0.46675038627336035, 0.48482763346985447, 0.43446930448261556, 0.4158428793562459, 0.44502996441014114, 0.392230573484418, 0.4499670912155881, 0.4093395607372397, 0.49002612293561104, 0.47777146576400853, 0.44378587334472686, 0.4054402918653156, 0.41615178717600065, 0.455419632059196, 0.38088083759857405, 0.4216848062983714, 0.3711351759411482, 0.36173621372771453, 0.3858816135141182, 0.3890587569731986, 0.35074467207856946, 0.34775083411757374, 0.3102975399049508, 0.36457091591169305, 0.32923891581393544, 0.32860477679559696, 0.3807693270963617, 0.3311356483659242, 0.3189563839770446, 0.3534774275750388, 0.3113657268024458, 0.3244302576524882, 0.31134022008034806, 0.3699633151138551, 0.27142735570571686, 0.2734294426671927, 0.31230459746630357, 0.3224893227636144, 0.2902928607168127, 0.2642752485070523, 0.26538029590800577, 0.31042318589186185, 0.26886852729608657, 0.25988020746009133, 0.2887648930000345, 1.0725015671343543, 0.6378954514464714, 0.5718276882281643, 0.5153931279586395, 0.5056872589874664, 0.467267690306151, 0.44554590201297534, 0.4478120356413883, 0.4464195066090907, 0.4576403173301893, 0.3706475315062561, 0.3856799386529135, 0.40279182916618883, 0.36097731360559704, 0.37472484341195805, 0.3341454491230397, 0.3794162232646487, 0.3516768783234874, 0.33657909605321845, 0.33503929449754655, 0.3595681544803774, 0.2882723844200111, 0.2702237465172511, 0.28436756297055843, 0.2863787248017011, 0.3043726690852868, 0.30840020292369885, 0.2799012200630445, 0.2818049343738123, 0.23853918536807903, 0.28288430053656344, 0.27390628384698645, 0.24294510144797457, 0.2610803941794402, 0.22735802253890758, 0.22550399525673348, 0.21443206290727837, 0.22165901945167604, 0.2087627923798952, 0.2123265631549181, 0.19253888068414673, 0.21622953645832027, 0.19639223207212908, 0.19211118411838687, 0.1959072510562402, 0.18550425657512606, 0.1712995178555644, 0.19020239686449675, 0.1739655666946961, 0.1632762449813637], "Average Loss Test": [2.307240966796875, 2.3043316650390624, 2.4430538330078124, 2.1538819885253906, 2.1986451416015624, 1.9240867309570313, 2.1699834289550783, 2.0903149719238283, 1.9539847717285157, 1.93277587890625, 1.9694247436523438, 2.1282130432128907, 1.735632080078125, 1.9081683349609375, 1.6500089111328125, 1.7001488037109376, 1.8570601806640625, 2.016952239990234, 1.8459352416992187, 1.9615455627441407, 1.5947735595703125, 1.689293914794922, 1.703510498046875, 2.0181985778808595, 1.6377159423828125, 1.6261643676757813, 1.7149020080566406, 1.8115529174804688, 1.8462705688476562, 1.6408854064941407, 1.4938551330566405, 2.1429568481445314, 1.6476268310546875, 1.5390821838378905, 1.668197235107422, 1.5645178833007813, 1.574255615234375, 1.510251434326172, 1.7495084228515625, 1.4761712036132812, 1.8728146362304687, 1.6226949462890625, 1.614364471435547, 1.6898702392578124, 1.5334761352539064, 1.808262451171875, 1.7663197937011719, 1.634691925048828, 1.5856256713867187, 1.769124267578125, 2.3030145263671873, 2.2707842407226564, 2.162333282470703, 1.9072015991210938, 1.9807403564453125, 2.10475, 1.7368878479003906, 1.7135557250976563, 1.6777530822753906, 1.6690425720214843, 1.7808327331542968, 1.6086134033203126, 1.5627739868164063, 1.62585400390625, 1.7034828796386718, 1.4792679138183593, 1.4982214965820313, 1.52418115234375, 1.6631083984375, 1.5677664794921875, 1.4332677612304687, 1.5974531860351562, 1.4627173461914063, 1.4522278747558595, 1.4627608032226562, 1.4041500854492188, 1.41380419921875, 1.6380786437988282, 1.302794464111328, 1.2791640014648438, 1.4256470642089845, 1.4005755920410157, 1.3259053955078124, 1.4389032897949219, 1.2726566162109374, 1.3432879638671875, 1.3434850463867187, 1.3165149841308594, 1.2467734680175782, 1.3355104675292968, 1.3922444152832032, 1.3700626831054687, 1.317803237915039, 1.2443756713867187, 1.2150222778320312, 1.2699986877441407, 1.3836725463867188, 1.2748644104003906, 1.316156768798828, 1.3903637084960938], "Accuracy Test": [9.800000190734863, 15.800000190734863, 18.200000762939453, 20.0, 20.799999237060547, 27.0, 30.200000762939453, 29.200000762939453, 29.600000381469727, 26.0, 32.400001525878906, 27.799999237060547, 34.400001525878906, 33.400001525878906, 41.0, 38.599998474121094, 36.400001525878906, 32.599998474121094, 34.20000076293945, 34.400001525878906, 39.79999923706055, 37.599998474121094, 38.79999923706055, 30.399999618530273, 42.79999923706055, 43.79999923706055, 42.20000076293945, 36.0, 37.79999923706055, 45.599998474121094, 45.599998474121094, 32.599998474121094, 44.400001525878906, 42.400001525878906, 42.0, 46.20000076293945, 44.400001525878906, 44.599998474121094, 41.599998474121094, 47.0, 36.400001525878906, 44.0, 43.400001525878906, 42.400001525878906, 47.20000076293945, 41.20000076293945, 42.79999923706055, 44.79999923706055, 44.400001525878906, 38.20000076293945, 10.399999618530273, 15.0, 15.399999618530273, 30.600000381469727, 24.399999618530273, 20.399999618530273, 34.599998474121094, 35.79999923706055, 34.599998474121094, 39.0, 33.400001525878906, 39.20000076293945, 40.79999923706055, 40.599998474121094, 38.0, 46.20000076293945, 45.79999923706055, 46.400001525878906, 41.0, 43.79999923706055, 47.400001525878906, 42.599998474121094, 49.0, 47.20000076293945, 48.79999923706055, 50.400001525878906, 50.79999923706055, 46.20000076293945, 52.0, 54.79999923706055, 49.79999923706055, 51.400001525878906, 55.400001525878906, 46.20000076293945, 54.400001525878906, 51.599998474121094, 52.400001525878906, 54.0, 56.400001525878906, 52.20000076293945, 51.79999923706055, 51.79999923706055, 54.20000076293945, 57.20000076293945, 59.400001525878906, 56.599998474121094, 55.20000076293945, 57.79999923706055, 55.400001525878906, 54.20000076293945], "Workers Number": [20.0, 20.0, 20.0, 20.0, 20.0, 20.0, 20.0, 20.0, 20.0, 20.0, 20.0, 20.0, 20.0, 20.0, 20.0, 20.0, 20.0, 20.0, 20.0, 20.0, 20.0, 20.0, 20.0, 20.0, 20.0, 20.0, 20.0, 20.0, 20.0, 20.0, 20.0, 20.0, 20.0, 20.0, 20.0, 20.0, 20.0, 20.0, 20.0, 20.0, 20.0, 20.0, 20.0, 20.0, 20.0, 20.0, 20.0, 20.0, 20.0, 20.0, 40.0, 40.0, 40.0, 40.0, 40.0, 40.0, 40.0, 40.0, 40.0, 40.0, 40.0, 40.0, 40.0, 40.0, 40.0, 40.0, 40.0, 40.0, 40.0, 40.0, 40.0, 40.0, 40.0, 40.0, 40.0, 40.0, 40.0, 40.0, 40.0, 40.0, 40.0, 40.0, 40.0, 40.0, 40.0, 40.0, 40.0, 40.0, 40.0, 40.0, 40.0, 40.0, 40.0, 40.0, 40.0, 40.0, 40.0, 40.0, 40.0, 40.0]}