{"C": [0.2, 0.4], "Test Accuracy": [36.279998779296875, 51.869998931884766], "Test Loss": [1.973136524772644, 1.379835704421997], "Train Loss": [1.9498012939453124, 1.285018984375], "Train Accuracy": [37.108001708984375, 54.0359992980957]}