,C,Test Accuracy,Test Loss,Train Loss,Train Accuracy,Total Rounds,Communication Cost
0,0.3,51.529998779296875,1.3556430751800537,1.3335410610961913,52.05799865722656,200,2750.9602332401587
