,C,Test Accuracy,Test Loss,Train Loss,Train Accuracy,Total Rounds,Communication Cost
0,0.9,61.150001525878906,1.1882984962463379,0.9888333264160156,65.6259994506836,200,8286.552892412288
