,C,Communication Cost,Test Accuracy,Test Loss,Total Rounds,Train Accuracy,Train Loss
0,0.3,2772.851400205029,49.900001525878906,1.3774063562393188,200,50.61000061035156,1.353195923461914
