,C,Test Accuracy,Test Loss,Train Loss,Train Accuracy,Total Rounds,Communication Cost
0,0.5,54.20000076293945,1.2759497146606444,1.2370869413757324,55.31999969482422,303,4063.4032184797998
