,C,Test Accuracy,Test Loss,Train Loss,Train Accuracy,Total Rounds,Communication Cost
0,0.1,34.459999084472656,1.7683397747039795,1.7715415521240234,33.970001220703125,372,739.6592114490372
