,C,Test Accuracy,Test Loss,Train Loss,Train Accuracy,Total Rounds,Communication Cost
0,0.1,35.27000045776367,1.7149685621261597,1.7130335870361328,35.34000015258789,200,5014.249476025039
