,C,Test Accuracy,Test Loss,Train Loss,Train Accuracy,Total Rounds,Communication Cost
0,0.7,55.0,1.2559895427703858,1.2133620755004884,56.36800003051758,166,4237.611442517374
