,C,Test Accuracy,Test Loss,Train Loss,Train Accuracy,Total Rounds,Communication Cost
0,0.5,57.15999984741211,1.2261980631828309,1.1539799032592772,58.92399978637695,200,4598.30999660318
