,C,Test Accuracy,Test Loss,Train Loss,Train Accuracy,Total Rounds,Communication Cost
0,0.1,36.27000045776367,1.7298163415908814,1.7307365649414062,35.5099983215332,200,1062.8459771815283
