,C,Communication Cost,Test Accuracy,Test Loss,Total Rounds,Train Accuracy,Train Loss
0,0.7,7360.2593115717555,57.150001525878906,1.2643945663452147,200,60.448001861572266,1.1065473796081542
