,C,Communication Cost,Test Accuracy,Test Loss,Total Rounds,Train Accuracy,Train Loss
0,0.5,4644.377194293318,56.02000045776367,1.251432196521759,200,58.198001861572266,1.1661626608276368
