,C,Test Accuracy,Test Loss,Train Loss,Train Accuracy,Total Rounds,Communication Cost
0,0.9,56.33000183105469,1.2352275966644286,1.180009209136963,57.59199905395508,110,4154.979168839352
