,C,Communication Cost,Test Accuracy,Test Loss,Total Rounds,Train Accuracy,Train Loss
0,0.1,918.8250777069709,37.470001220703125,1.7175940908432006,200,37.47999954223633,1.7150685546875
