{"C": [0.2, 0.4, 0.6000000000000001, 0.8, 1.0], "Test Accuracy": [83.55999755859375, 83.80000305175781, 86.12000274658203, 87.73999786376953, 85.54000091552734], "Test Loss": [0.4896828914642334, 0.5393777179718018, 0.47439211201667786, 0.37212689390182496, 0.4827383192062378], "Train Loss": [0.4258275540351868, 0.4514328637123108, 0.3624110528628031, 0.2557819258371989, 0.341153056939443], "Train Accuracy": [85.13500213623047, 85.44666290283203, 88.14833068847656, 90.67333221435547, 88.33833312988281]}