{"C": [0.2, 0.4, 0.6000000000000001, 0.8, 1.0], "Test Accuracy": [83.2699966430664, 87.5, 86.51000213623047, 87.2699966430664, 88.44000244140625], "Test Loss": [0.5105473016738892, 0.34987397445440294, 0.427799614572525, 0.39389217743873595, 0.3657535439491272], "Train Loss": [0.4428622204144796, 0.26250971004168194, 0.328630166943868, 0.2638947290261586, 0.21955480564435323], "Train Accuracy": [84.79000091552734, 90.26499938964844, 88.65833282470703, 90.44499969482422, 91.73999786376953]}