{"C": [0.2, 0.2, 0.2, 0.2, 0.2, 0.2, 0.2, 0.2, 0.2, 0.2, 0.2, 0.2, 0.2, 0.2, 0.2, 0.2, 0.2, 0.2, 0.2, 0.2, 0.2, 0.2, 0.2, 0.2, 0.2, 0.2, 0.2, 0.2, 0.2, 0.2, 0.2, 0.2, 0.2, 0.2, 0.2, 0.2, 0.2, 0.2, 0.2, 0.2, 0.2, 0.2, 0.2, 0.2, 0.2, 0.2, 0.2, 0.2, 0.2, 0.2, 0.4, 0.4, 0.4, 0.4, 0.4, 0.4, 0.4, 0.4, 0.4, 0.4, 0.4, 0.4, 0.4, 0.4, 0.4, 0.4, 0.4, 0.4, 0.4, 0.4, 0.4, 0.4, 0.4, 0.4, 0.4, 0.4, 0.4, 0.4, 0.4, 0.4, 0.4, 0.4, 0.4, 0.4, 0.4, 0.4, 0.4, 0.4, 0.4, 0.4, 0.4, 0.4, 0.4, 0.4, 0.4, 0.4, 0.4, 0.4, 0.4, 0.4, 0.6000000000000001, 0.6000000000000001, 0.6000000000000001, 0.6000000000000001, 0.6000000000000001, 0.6000000000000001, 0.6000000000000001, 0.6000000000000001, 0.6000000000000001, 0.6000000000000001, 0.6000000000000001, 0.6000000000000001, 0.6000000000000001, 0.6000000000000001, 0.6000000000000001, 0.6000000000000001, 0.6000000000000001, 0.6000000000000001, 0.6000000000000001, 0.6000000000000001, 0.6000000000000001, 0.6000000000000001, 0.6000000000000001, 0.6000000000000001, 0.6000000000000001, 0.6000000000000001, 0.6000000000000001, 0.6000000000000001, 0.6000000000000001, 0.6000000000000001, 0.6000000000000001, 0.6000000000000001, 0.6000000000000001, 0.6000000000000001, 0.6000000000000001, 0.6000000000000001, 0.6000000000000001, 0.6000000000000001, 0.6000000000000001, 0.6000000000000001, 0.6000000000000001, 0.6000000000000001, 0.6000000000000001, 0.6000000000000001, 0.6000000000000001, 0.6000000000000001, 0.6000000000000001, 0.6000000000000001, 0.6000000000000001, 0.6000000000000001, 0.8, 0.8, 0.8, 0.8, 0.8, 0.8, 0.8, 0.8, 0.8, 0.8, 0.8, 0.8, 0.8, 0.8, 0.8, 0.8, 0.8, 0.8, 0.8, 0.8, 0.8, 0.8, 0.8, 0.8, 0.8, 0.8, 0.8, 0.8, 0.8, 0.8, 0.8, 0.8, 0.8, 0.8, 0.8, 0.8, 0.8, 0.8, 0.8, 0.8, 0.8, 0.8, 0.8, 0.8, 0.8, 0.8, 0.8, 0.8, 0.8, 0.8, 1.0, 1.0, 1.0, 1.0, 1.0, 1.0, 1.0, 1.0, 1.0, 1.0, 1.0, 1.0, 1.0, 1.0, 1.0, 1.0, 1.0, 1.0, 1.0, 1.0, 1.0, 1.0, 1.0, 1.0, 1.0, 1.0, 1.0, 1.0, 1.0, 1.0, 1.0, 1.0, 1.0, 1.0, 1.0, 1.0, 1.0, 1.0, 1.0, 1.0, 1.0, 1.0, 1.0, 1.0, 1.0, 1.0, 1.0, 1.0, 1.0, 1.0], "Round": [0, 1, 2, 3, 4, 5, 6, 7, 8, 9, 10, 11, 12, 13, 14, 15, 16, 17, 18, 19, 20, 21, 22, 23, 24, 25, 26, 27, 28, 29, 30, 31, 32, 33, 34, 35, 36, 37, 38, 39, 40, 41, 42, 43, 44, 45, 46, 47, 48, 49, 0, 1, 2, 3, 4, 5, 6, 7, 8, 9, 10, 11, 12, 13, 14, 15, 16, 17, 18, 19, 20, 21, 22, 23, 24, 25, 26, 27, 28, 29, 30, 31, 32, 33, 34, 35, 36, 37, 38, 39, 40, 41, 42, 43, 44, 45, 46, 47, 48, 49, 0, 1, 2, 3, 4, 5, 6, 7, 8, 9, 10, 11, 12, 13, 14, 15, 16, 17, 18, 19, 20, 21, 22, 23, 24, 25, 26, 27, 28, 29, 30, 31, 32, 33, 34, 35, 36, 37, 38, 39, 40, 41, 42, 43, 44, 45, 46, 47, 48, 49, 0, 1, 2, 3, 4, 5, 6, 7, 8, 9, 10, 11, 12, 13, 14, 15, 16, 17, 18, 19, 20, 21, 22, 23, 24, 25, 26, 27, 28, 29, 30, 31, 32, 33, 34, 35, 36, 37, 38, 39, 40, 41, 42, 43, 44, 45, 46, 47, 48, 49, 0, 1, 2, 3, 4, 5, 6, 7, 8, 9, 10, 11, 12, 13, 14, 15, 16, 17, 18, 19, 20, 21, 22, 23, 24, 25, 26, 27, 28, 29, 30, 31, 32, 33, 34, 35, 36, 37, 38, 39, 40, 41, 42, 43, 44, 45, 46, 47, 48, 49], "Average Loss Train": [0.1123942520602254, 0.052302988180696654, 0.1101120578797867, 0.07484417996143748, 0.06651090038570956, 0.07823090103211583, 0.09028692786827196, 0.03507708710053217, 0.04856439599897152, 0.012311500742313608, 0.05530609822738457, 0.05852630555371996, 0.02252398174640985, 0.0561657135184601, 0.044322601953533845, 0.05606983611661691, 0.022943153173610578, 0.022443584646428767, 0.018935979456454737, 0.09581682985752801, 0.014704755113943974, 0.0682204851297596, 0.016003413523558264, 0.045072103404179664, 0.008395834134156151, 0.08269549795848499, 0.03192760461951879, 0.018938267960838855, 0.06255912245165382, 0.013798692614385193, 0.05595069070005129, 0.011980602830701376, 0.059061420084731725, 0.05837678108334634, 0.03504906837004695, 0.017883366631443395, 0.05057260883220201, 0.01245015736888566, 0.025817893231044765, 0.028032116586083344, 0.03397709732462394, 0.01027359788945129, 0.011352006684085912, 0.014294281996908464, 0.03175777113652596, 0.007133754680131056, 0.044527966796031625, 0.010085600305495282, 0.023739542367659835, 0.03389596584250916, 0.14861237766376384, 0.07949141854313105, 0.06702520466713192, 0.08677310602273791, 0.05969427275007299, 0.04795928992956623, 0.04654085926781875, 0.0365129915312203, 0.061726459741329974, 0.04025667418745365, 0.028898291721436938, 0.018935065923504833, 0.022135732922427754, 0.017558560489492267, 0.042848282193545785, 0.03211485136228697, 0.02285009394416209, 0.027948299580302264, 0.03696213209915119, 0.02580698460171396, 0.03530211933927747, 0.028265152957478685, 0.008676653045855952, 0.02764185779664767, 0.02811153747467234, 0.01602111960620909, 0.01059220931741417, 0.022697514882546017, 0.025956769613022932, 0.01701794993243873, 0.03233657225231929, 0.018265121151942332, 0.07080988375882347, 0.01852877076347224, 0.024246469153715047, 0.024285579895631598, 0.008918664129884192, 0.0025399980311779776, 0.013489850618297845, 0.02382347844472406, 0.023326558632340223, 0.01636411902379122, 0.01987011122518042, 0.008683771328666504, 0.024091765184663626, 0.024997198702438408, 0.014800126464223616, 0.002460500965102407, 0.004373749158970288, 0.01996488614915358, 0.1003075188779783, 0.05234289622708831, 0.05371683313745841, 0.05643307039818786, 0.05267597725414413, 0.04611217182623932, 0.05131036864605395, 0.03952356286747039, 0.03907780049664401, 0.02842526920863257, 0.039940640991727984, 0.03236862501938655, 0.03984888861336486, 0.05646192848643598, 0.02494137351642126, 0.02290489316994707, 0.0044152763211075625, 0.018796145272637895, 0.03232766723106935, 0.007701938872765671, 0.0223372165573824, 0.015788219438521385, 0.01646388621574699, 0.02028542554291043, 0.020073546409467173, 0.010024892519049141, 0.023038525680114694, 0.008561424425024599, 0.020899015745124216, 0.024680238243460557, 0.016054891766265466, 0.011103879071519326, 0.009714843961660715, 0.01108583892989264, 0.010379983818301191, 0.01126630840647496, 0.015095871535858665, 0.013579941697476956, 0.005528787890303306, 0.011609756307112895, 0.014479310634686054, 0.013695474742593855, 0.012860587068012842, 0.015728047853216957, 0.015506118874719234, 0.014894533412766893, 0.007823399140750774, 0.006180952079718859, 0.0058602797453675285, 0.007435045079273509, 0.08391470784957211, 0.04086769071987613, 0.06754227510523293, 0.017794652492842337, 0.048442906554279644, 0.05281953995035152, 0.0133987990566786, 0.026600303356685034, 0.019295250212211006, 0.020904856216204627, 0.03531602164189584, 0.0337497632055081, 0.035260657218309524, 0.028955591814029093, 0.0276941167536853, 0.03186149206456298, 0.028825047735036205, 0.015542698961993059, 0.0130209332325737, 0.02510199709617136, 0.021138535886107725, 0.02419523770314857, 0.031842889597871064, 0.016167673084901128, 0.01305693954050695, 0.02120349043288332, 0.01138188720691384, 0.014797538352682615, 0.005645380243258842, 0.00571280831767884, 0.006527777251531006, 0.011364062014813877, 0.012846616561359056, 0.009108150908243838, 0.012344863263836872, 0.016526990585951085, 0.010704890676420671, 0.009309477423494012, 0.009645800174024027, 0.006279951462835812, 0.014075402833103453, 0.014241392009698074, 0.0067299758899380694, 0.003990158906041946, 0.011030612397063403, 0.008953434655757316, 0.014112302989030281, 0.006924304516537546, 0.011917780653424945, 0.011105916494703837, 0.06797523254143413, 0.06848710101796315, 0.0352769786179352, 0.04640195324326975, 0.025710199695683795, 0.030067281505788954, 0.036483919772860085, 0.03214083728322763, 0.01864969035222659, 0.025989604786886274, 0.03287725056451147, 0.015166820692522074, 0.005612779863761071, 0.021474442494906747, 0.0050702058915552085, 0.019309944505010005, 0.01497494955592915, 0.0017629866427398614, 0.017302035657370228, 0.011756733507453836, 0.015019762480925777, 0.007105552920425503, 0.013036597232833283, 0.007981680351262828, 0.0125477583451378, 0.013692458223016415, 0.009009356857497293, 0.006913545322431043, 0.0176306640869227, 0.00517248325221497, 0.016726757336289984, 0.011084733410527509, 