{"C": [0.2, 0.2, 0.2, 0.2, 0.2, 0.2, 0.2, 0.2, 0.2, 0.2, 0.2, 0.2, 0.2, 0.2, 0.2, 0.2, 0.2, 0.2, 0.2, 0.2, 0.2, 0.2, 0.2, 0.2, 0.2, 0.2, 0.2, 0.2, 0.2, 0.2, 0.2, 0.2, 0.2, 0.2, 0.2, 0.2, 0.2, 0.2, 0.2, 0.2, 0.2, 0.2, 0.2, 0.2, 0.2, 0.2, 0.2, 0.2, 0.2, 0.2, 0.4, 0.4, 0.4, 0.4, 0.4, 0.4, 0.4, 0.4, 0.4, 0.4, 0.4, 0.4, 0.4, 0.4, 0.4, 0.4, 0.4, 0.4, 0.4, 0.4, 0.4, 0.4, 0.4, 0.4, 0.4, 0.4, 0.4, 0.4, 0.4, 0.4, 0.4, 0.4, 0.4, 0.4, 0.4, 0.4, 0.4, 0.4, 0.4, 0.4, 0.4, 0.4, 0.4, 0.4, 0.4, 0.4, 0.4, 0.4, 0.4, 0.4, 0.6000000000000001, 0.6000000000000001, 0.6000000000000001, 0.6000000000000001, 0.6000000000000001, 0.6000000000000001, 0.6000000000000001, 0.6000000000000001, 0.6000000000000001, 0.6000000000000001, 0.6000000000000001, 0.6000000000000001, 0.6000000000000001, 0.6000000000000001, 0.6000000000000001, 0.6000000000000001, 0.6000000000000001, 0.6000000000000001, 0.6000000000000001, 0.6000000000000001, 0.6000000000000001, 0.6000000000000001, 0.6000000000000001, 0.6000000000000001, 0.6000000000000001, 0.6000000000000001, 0.6000000000000001, 0.6000000000000001, 0.6000000000000001, 0.6000000000000001, 0.6000000000000001, 0.6000000000000001, 0.6000000000000001, 0.6000000000000001, 0.6000000000000001, 0.6000000000000001, 0.6000000000000001, 0.6000000000000001, 0.6000000000000001, 0.6000000000000001, 0.6000000000000001, 0.6000000000000001, 0.6000000000000001, 0.6000000000000001, 0.6000000000000001, 0.6000000000000001, 0.6000000000000001, 0.6000000000000001, 0.6000000000000001, 0.6000000000000001, 0.8, 0.8, 0.8, 0.8, 0.8, 0.8, 0.8, 0.8, 0.8, 0.8, 0.8, 0.8, 0.8, 0.8, 0.8, 0.8, 0.8, 0.8, 0.8, 0.8, 0.8, 0.8, 0.8, 0.8, 0.8, 0.8, 0.8, 0.8, 0.8, 0.8, 0.8, 0.8, 0.8, 0.8, 0.8, 0.8, 0.8, 0.8, 0.8, 0.8, 0.8, 0.8, 0.8, 0.8, 0.8, 0.8, 0.8, 0.8, 0.8, 0.8, 1.0, 1.0, 1.0, 1.0, 1.0, 1.0, 1.0, 1.0, 1.0, 1.0, 1.0, 1.0, 1.0, 1.0, 1.0, 1.0, 1.0, 1.0, 1.0, 1.0, 1.0, 1.0, 1.0, 1.0, 1.0, 1.0, 1.0, 1.0, 1.0, 1.0, 1.0, 1.0, 1.0, 1.0, 1.0, 1.0, 1.0, 1.0, 1.0, 1.0, 1.0, 1.0, 1.0, 1.0, 1.0, 1.0, 1.0, 1.0, 1.0, 1.0], "Round": [0, 1, 2, 3, 4, 5, 6, 7, 8, 9, 10, 11, 12, 13, 14, 15, 16, 17, 18, 19, 20, 21, 22, 23, 24, 25, 26, 27, 28, 29, 30, 31, 32, 33, 34, 35, 36, 37, 38, 39, 40, 41, 42, 43, 44, 45, 46, 47, 48, 49, 0, 1, 2, 3, 4, 5, 6, 7, 8, 9, 10, 11, 12, 13, 14, 15, 16, 17, 18, 19, 20, 21, 22, 23, 24, 25, 26, 27, 28, 29, 30, 31, 32, 33, 34, 35, 36, 37, 38, 39, 40, 41, 42, 43, 44, 45, 46, 47, 48, 49, 0, 1, 2, 3, 4, 5, 6, 7, 8, 9, 10, 11, 12, 13, 14, 15, 16, 17, 18, 19, 20, 21, 22, 23, 24, 25, 26, 27, 28, 29, 30, 31, 32, 33, 34, 35, 36, 37, 38, 39, 40, 41, 42, 43, 44, 45, 46, 47, 48, 49, 0, 1, 2, 3, 4, 5, 6, 7, 8, 9, 10, 11, 12, 13, 14, 15, 16, 17, 18, 19, 20, 21, 22, 23, 24, 25, 26, 27, 28, 29, 30, 31, 32, 33, 34, 35, 36, 37, 38, 39, 40, 41, 42, 43, 44, 45, 46, 47, 48, 49, 0, 1, 2, 3, 4, 5, 6, 7, 8, 9, 10, 11, 12, 13, 14, 15, 16, 17, 18, 19, 20, 21, 22, 23, 24, 25, 26, 27, 28, 29, 30, 31, 32, 33, 34, 35, 36, 37, 38, 39, 40, 41, 42, 43, 44, 45, 46, 47, 48, 49], "Average Loss Train": [0.1145463427133315, 0.07562053185117582, 0.10786667565072701, 0.03712640594235685, 0.08557882169402727, 0.05316102466134727, 0.08680728309518812, 0.05095804999949648, 0.03570842220826519, 0.051880649876298326, 0.030810775364740483, 0.05494387909827059, 0.0372618197755146, 0.04291204117449073, 0.07063866395208879, 0.04690472772149527, 0.027809076483467914, 0.030125375959493033, 0.04291277659981181, 0.04166408878240232, 0.04049187824507991, 0.03948750408667695, 0.03878572531521354, 0.03726837313864704, 0.028375531967251615, 0.045546455494025764, 0.04066598193265759, 0.03569558906798683, 0.022593245491380157, 0.015683234037838927, 0.03645344417570297, 0.018156295077513922, 0.03687222846392429, 0.030909402247572642, 0.028810225845164968, 0.03638676630627833, 0.0343051988587744, 0.024173885176374955, 0.020145636123074982, 0.031418992466216406, 0.02509395995538491, 0.027326510003431292, 0.020832008886195155, 0.023508917054152978, 0.022910121555656922, 0.030758922969553525, 0.019648532497408312, 0.02810528979997769, 0.01598761505940164, 0.025344646930357328, 0.09805362274129978, 0.0683290496567368, 0.06846306381016257, 0.06704016939767227, 0.04901757021724613, 0.05529123485543687, 0.041548023428684175, 0.046525141701467786, 0.038162619985515574, 0.04393892825026736, 0.04401355497853092, 0.042866160609597956, 0.038854468074728456, 0.031089961367580226, 0.04072511022842813, 0.026257078027818036, 0.03260700023415396, 0.028358085021415604, 0.029198481102079045, 0.02757759896978531, 0.0294009705241765, 0.024390532670473947, 0.03341572362462965, 0.020318857296373807, 0.034698088020402605, 0.021599335475614385, 0.02909727255025548, 0.02733939323575927, 0.026012619297620554, 0.020025603185957717, 0.023792235124336338, 0.021544014463241466, 0.029334250556449226, 0.024307672343761168, 0.02085590942972019, 0.01966232339194447, 0.018724094490390364, 0.02019031476838637, 0.019494878680611772, 0.020475775276267174, 0.023036663953213958, 0.014669899644392356, 0.016531079091417076, 0.021820531803722128, 0.02012539161148609, 0.021343199031815797, 0.015519964145912215, 0.018407495796452913, 0.016551091463417385, 0.020543830923226127, 0.09710773586364214, 0.06699034868318657, 0.0605021177965215, 0.05579436312279573, 0.046692764224678586, 0.04227573906238224, 0.040679402866489606, 0.041916290637136824, 0.04178453754014264, 0.03810645866779568, 0.03546705751066793, 0.03668273517671646, 0.03668671262624011, 0.02593415183258285, 0.030350260812184494, 0.028707030542685367, 0.028851298813073835, 0.028062168070586545, 0.024583868013781335, 0.027054057166098395, 0.024346526821877424, 0.026806017879520208, 0.024719050915771635, 0.02131379808917205, 0.023155133279230952, 0.025397000921974815, 0.01887226145589613, 0.02280427503131246, 0.023478588450736203, 0.017337596934795092, 0.018463095848769605, 0.020206796589729775, 0.017957386032954988, 0.02088129457476633, 0.01653584747193982, 0.015215218752137992, 0.018792463063473906, 0.015036169360577945, 0.01521423395796794, 0.01749712599467395, 0.014437113044458659, 0.0148630562468752, 0.016292764436998654, 0.015922093580780155, 0.013969890206622005, 0.017746787849001674, 0.016267520867461256, 0.014796026194414917, 0.01507406910190668, 0.014471503945844946, 0.08574886597449603, 0.06824078316393548, 0.052972282819503114, 0.053712247471138216, 0.045034683725443427, 0.042255382695392495, 0.03473408594457528, 0.038044525616203514, 0.03270580846928543, 0.0343229572934456, 0.031411464658819735, 0.030880588429391165, 0.02694479775775708, 0.027536472910065522, 0.025402889956981305, 0.025595953157269563, 0.022508957407309634, 0.020527595127772642, 0.020636798867778083, 0.022028712153448576, 0.019309691055633127, 0.0202422768375168, 0.01847273182447746, 0.018934656618843936, 0.017582550692882747, 0.01833676020178389, 0.017958656809382134, 0.017569537400512116, 0.016649293924528318, 0.016113985749887573, 0.016342410127781527, 0.016421624125562292, 0.01612659744679488, 0.01398608449029277, 0.015605377786766059, 0.015118929858991288, 0.014803384387424526, 0.013683530853483398, 0.015332640068069853, 0.014884389156554411, 0.013870106252721472, 0.015409955714975488, 0.013393819458215736, 0.01316795978079342, 0.011506579944227288, 0.012163257687570808, 0.012535831258268204, 0.01171630940863774, 0.011553007281054113, 0.011505277872886235, 0.07958337472167264, 0.05930708807300732, 0.051765034596872726, 0.04442745717466979, 0.04009802595014342, 0.03711617485943774, 0.0337703201528379, 0.03220972369242199, 0.02987258022478951, 0.027882174150497412, 0.025293399798607452, 0.02519005676584168, 0.023813478326051775, 0.022263699852279446, 0.02184650492022536, 0.021148754494072275, 0.02084821713073107, 0.019423352273671212, 0.01913841158966439, 0.01813916580253633, 0.018019407229773597, 0.01782058138153837, 0.017463168310914583, 0.016848496330266617, 0.016446535322656674, 0.016137271170200355, 0.015844037391219732, 0.016220080209385465, 0.016116725855224577, 0.014585745583523041, 0.014545635641600066, 0.014374254390708196, 