{"C": [1.0], "Test Accuracy": [56.72999954223633], "Test Loss": [1.4152096006393433], "Train Loss": [0.9933603538513184], "Train Accuracy": [65.05799865722656]}