{"C": [1.0], "Test Accuracy": [52.41999816894531], "Test Loss": [1.7253564590454102], "Train Loss": [1.3507681237792968], "Train Accuracy": [58.21799850463867]}