{"C": [0.1, 0.2, 0.30000000000000004, 0.4, 0.5, 0.6, 0.7, 0.7999999999999999, 0.8999999999999999, 0.9999999999999999], "Test Accuracy": [33.439998626708984, 33.25, 50.13999938964844, 54.0, 53.279998779296875, 53.869998931884766, 55.349998474121094, 57.349998474121094, 56.130001068115234, 57.22999954223633], "Test Loss": [2.163559936904907, 1.9869810092926026, 1.501472559928894, 1.3897327798843384, 1.4994656536102295, 1.5054554103851319, 1.4575124889373778, 1.4043129091262818, 1.4466096405029296, 1.4404378643035889], "Train Loss": [2.151832746887207, 1.9358350643920899, 1.3820989163208008, 1.2364740322875976, 1.2407584634399413, 1.1770503695678711, 1.1268903439331055, 1.0379002005004883, 1.0290121476745606, 0.9528594420623779], "Train Accuracy": [33.2140007019043, 33.832000732421875, 52.47800064086914, 57.19200134277344, 57.667999267578125, 60.34199905395508, 61.70199966430664, 64.08200073242188, 64.18800354003906, 66.66000366210938]}