{"C": [0.1, 0.2, 0.30000000000000004, 0.4, 0.5, 0.6, 0.7, 0.7999999999999999, 0.8999999999999999, 0.9999999999999999], "Test Accuracy": [32.79999923706055, 22.309999465942383, 48.790000915527344, 51.13999938964844, 52.43000030517578, 53.279998779296875, 33.58000183105469, 56.08000183105469, 40.52000045776367, 49.529998779296875], "Test Loss": [2.322289300918579, 3.7845925857543947, 1.5112413051605225, 1.4834792945861817, 1.4731806514739991, 1.5368092351913452, 3.2168810943603514, 1.442526775932312, 2.6064431224823, 1.9351552955627442], "Train Loss": [2.316536564025879, 3.786697515258789, 1.4351044116210938, 1.3568036700439454, 1.2548061717224122, 1.230446746520996, 2.963111234130859, 1.0927987655639648, 2.2562573095703127, 1.515262054901123], "Train Accuracy": [32.25600051879883, 22.365999221801758, 50.262001037597656, 53.22200012207031, 56.58399963378906, 58.65800094604492, 37.07400131225586, 62.987998962402344, 44.492000579833984, 55.305999755859375]}