,C,Test Accuracy,Test Loss,Train Loss,Train Accuracy,Total Rounds,Communication Cost
0,0.1,90.12999725341797,0.38577269880771636,0.4041811465581258,89.49833679199219,100,452.9357680048754
