,C,Test Accuracy,Test Loss,Train Loss,Train Accuracy,Total Rounds,Communication Cost
0,0.5,96.41000366210938,0.1113111713707447,0.12057576235433419,96.36499786376953,100,2524.47590781211
