,C,Test Accuracy,Test Loss,Train Loss,Train Accuracy,Total Rounds,Communication Cost
0,0.9,86.55999755859375,0.40444480018615725,0.3740743166923523,87.74166870117188,40,1608.8673907415273
