,C,Test Accuracy,Test Loss,Train Loss,Train Accuracy,Total Rounds,Communication Cost
0,0.1,81.47000122070312,0.5764120638847351,0.5612819134394328,82.37666320800781,100,448.92577247979096
