,C,Test Accuracy,Test Loss,Train Loss,Train Accuracy,Total Rounds,Communication Cost
0,0.5,85.9800033569336,0.4031441339969635,0.3677007671991984,87.038330078125,100,2645.794216335421
