,C,Test Accuracy,Test Loss,Train Loss,Train Accuracy,Total Rounds,Communication Cost
0,0.3,84.80999755859375,0.4698374701499939,0.4508793556213379,85.19166564941406,217,1108.8861941007847
