,C,Test Accuracy,Test Loss,Train Loss,Train Accuracy,Total Rounds,Communication Cost
0,0.5,86.55999755859375,0.388669405412674,0.34977630739212034,88.01166534423828,100,2601.1143145050833
