,C,Test Accuracy,Test Loss,Train Loss,Train Accuracy,Total Rounds,Communication Cost
0,0.1,83.19000244140625,0.6043919073104859,0.5853826264063517,83.70999908447266,100,467.6797277842259
