,C,Test Accuracy,Test Loss,Train Loss,Train Accuracy,Total Rounds,Communication Cost
0,0.3,85.37999725341797,0.4320920419692993,0.4000705150604248,86.72333526611328,100,1396.323805219767
