,C,Test Accuracy,Test Loss,Train Loss,Train Accuracy,Total Rounds,Communication Cost
0,0.1,80.36000061035156,0.615759893321991,0.6031625671386719,80.86166381835938,192,600.7245745216479
