,C,Test Accuracy,Test Loss,Train Loss,Train Accuracy,Total Rounds,Communication Cost
0,0.7,87.55999755859375,0.36531874771118167,0.3227959852218628,88.99833679199219,100,3498.9940215545466
