,C,Test Accuracy,Test Loss,Train Loss,Train Accuracy,Total Rounds,Communication Cost
0,0.9,87.51000213623047,0.35619024910926816,0.30740575551986693,89.21833038330078,100,4509.626647846089
