,C,Test Accuracy,Test Loss,Train Loss,Train Accuracy,Total Rounds,Communication Cost
0,0.1,79.77999877929688,0.6012797696113586,0.5862598702112833,80.69000244140625,100,1741.2351489878163
