,C,Test Accuracy,Test Loss,Train Loss,Train Accuracy,Total Rounds,Communication Cost
0,0.3,85.70999908447266,0.4200135685443878,0.39418723459243776,86.95833587646484,100,1369.1132685831305
