,C,Test Accuracy,Test Loss,Train Loss,Train Accuracy,Total Rounds,Communication Cost
0,0.5,85.12000274658203,0.45075407285690305,0.4263657804489136,86.21833038330078,93,1306.9266793276054
