,C,Test Accuracy,Test Loss,Train Loss,Train Accuracy,Total Rounds,Communication Cost
0,0.7,86.7699966430664,0.4118578990936279,0.38576833998362225,87.44999694824219,62,1544.0989660998532
