,C,Test Accuracy,Test Loss,Train Loss,Train Accuracy,Total Rounds,Communication Cost
0,0.7,87.4000015258789,0.36854854493141176,0.3227559369405111,88.8550033569336,100,3384.9339425803632
