,C,Test Accuracy,Test Loss,Train Loss,Train Accuracy,Total Rounds,Communication Cost
0,0.9,87.8499984741211,0.3464474434375763,0.2991494037310282,89.5633316040039,100,4616.886005460012
