{"C": [0.8, 0.8, 0.8, 0.8, 0.8, 0.8, 0.8, 0.8, 0.8, 0.8, 0.8, 0.8, 0.8, 0.8, 0.8, 0.8, 0.8, 0.8, 0.8, 0.8, 0.8, 0.8, 0.8, 0.8, 0.8, 0.8, 0.8, 0.8, 0.8, 0.8, 0.8, 0.8, 0.8, 0.8, 0.8, 0.8, 0.8, 0.8, 0.8, 0.8, 0.8, 0.8, 0.8, 0.8, 0.8, 0.8, 0.8, 0.8, 0.8, 0.8], "Round": [0, 1, 2, 3, 4, 5, 6, 7, 8, 9, 10, 11, 12, 13, 14, 15, 16, 17, 18, 19, 20, 21, 22, 23, 24, 25, 26, 27, 28, 29, 30, 31, 32, 33, 34, 35, 36, 37, 38, 39, 40, 41, 42, 43, 44, 45, 46, 47, 48, 49], "Average Loss Train": [1.9502696442604066, 0.892213076216641, 0.6703376051405302, 0.5017038352046592, 0.5067455722625254, 0.5135181670551499, 0.48528154723364875, 0.43650207323589263, 0.4035277486932767, 0.48560221683233973, 0.3713343294238661, 0.3642459948811323, 0.3523958610787394, 0.3707119436505284, 0.3100834622007318, 0.3085691603719698, 0.28980298890600664, 0.2824408612517823, 0.28771295615963266, 0.42716549276374277, 0.2672605365027037, 0.23858773970299926, 0.23985127797579747, 0.23303820134838513, 0.27377433826879133, 0.2760767249844612, 0.18587762079538864, 0.1970443589484717, 0.18981967623320797, 0.22358039083799816, 0.19101640175575654, 0.18823294356919357, 0.216363357892031, 0.16988840075628833, 0.16477987701355068, 0.15321764493087794, 0.1446683823013887, 0.13799002586244022, 0.13000922611999463, 0.14052361670942629, 0.12521963702556768, 0.13307020886688645, 0.12384659696968127, 0.1293135028194288, 0.12403826166292181, 0.12024802684831996, 0.11812091185897589, 0.12128052271372707, 0.11469562945832447, 0.10691591962054109], "Average Loss Test": [2.30355029296875, 2.3688499145507813, 2.143254699707031, 2.248508575439453, 1.7178773498535156, 1.6568241271972657, 2.053855926513672, 1.66102490234375, 1.5088583374023437, 1.5347509460449218, 1.6121807556152343, 1.4564583435058593, 1.4165559997558594, 1.445843536376953, 1.3349191284179687, 1.4380734558105468, 1.4292365417480468, 1.3674288330078126, 1.3626391906738282, 1.2868684692382812, 1.6627512512207032, 1.4187264709472656, 1.3803372497558595, 1.3001873474121093, 1.2624154357910156, 1.518166229248047, 1.4185372619628906, 1.3255446166992189, 1.336434051513672, 1.3138717041015624, 1.4088110961914062, 1.6233632202148438, 2.2649803466796876, 1.4779599609375, 2.297159698486328, 1.4104826049804688, 1.407349365234375, 1.46029541015625, 1.8567124633789063, 1.63233154296875, 1.4524349365234375, 1.4362110290527343, 1.8871513061523437, 1.5537986755371094, 1.4810220031738281, 1.4794716491699218, 1.5298226623535156, 3.3038529663085936, 1.519143798828125, 1.6958159790039062], "Accuracy Test": [10.600000381469727, 9.600000381469727, 15.600000381469727, 24.399999618530273, 33.400001525878906, 36.599998474121094, 29.399999618530273, 38.79999923706055, 45.0, 44.20000076293945, 42.0, 45.400001525878906, 48.599998474121094, 46.400001525878906, 51.20000076293945, 48.599998474121094, 49.400001525878906, 50.599998474121094, 50.599998474121094, 54.599998474121094, 42.79999923706055, 52.400001525878906, 51.400001525878906, 53.400001525878906, 55.79999923706055, 51.599998474121094, 52.0, 54.599998474121094, 54.20000076293945, 55.400001525878906, 54.79999923706055, 49.79999923706055, 44.599998474121094, 55.400001525878906, 42.599998474121094, 53.79999923706055, 54.79999923706055, 54.0, 49.599998474121094, 53.0, 54.79999923706055, 54.400001525878906, 51.599998474121094, 55.0, 53.400001525878906, 54.400001525878906, 54.400001525878906, 33.400001525878906, 52.79999923706055, 52.79999923706055], "Workers Number": [1, 69, 13, 79, 57, 15, 30, 73, 44, 14, 80, 75, 67, 48, 79, 78, 77, 75, 66, 6, 37, 79, 76, 49, 11, 16, 78, 71, 56, 15, 7, 4, 15, 7, 68, 63, 29, 10, 15, 75, 45, 6, 24, 72, 52, 19, 1, 78, 22, 11]}