{"C": [0.8], "Test Accuracy": [53.029998779296875], "Test Loss": [1.5254753286361695], "Train Loss": [1.1291340844726563], "Train Accuracy": [60.757999420166016]}