{"C": [0.8], "Test Accuracy": [53.439998626708984], "Test Loss": [1.5837146680831908], "Train Loss": [1.2778681924438478], "Train Accuracy": [58.63800048828125]}