{"C": [0.2, 0.4], "Test Accuracy": [45.33000183105469, 50.68000030517578], "Test Loss": [1.5981729537963867, 1.4960874740600585], "Train Loss": [1.5495118318176269, 1.3484199963378907], "Train Accuracy": [46.41400146484375, 53.61199951171875]}