,C,Test Accuracy,Test Loss,Train Loss,Train Accuracy,Total Rounds,Communication Cost
0,0.1,88.63999938964844,0.42007958183288574,0.4379948457400004,87.96666717529297,100,1981.6376251285305
