,C,Test Accuracy,Test Loss,Train Loss,Train Accuracy,Total Rounds,Communication Cost
0,0.9,97.47000122070312,0.07992517159618437,0.08543387544850509,97.30166625976562,100,4187.210626902577
