{"C": [0.6], "Test Accuracy": [54.040000915527344], "Test Loss": [1.4077235284805298], "Train Loss": [1.1560770010375976], "Train Accuracy": [59.32600021362305]}